<?xml version="1.0" encoding="UTF-8" standalone="yes"?>
<!-- Copyright (C) 2017 The Android Open Source Project

     Licensed under the Apache License, Version 2.0 (the "License");
     you may not use this file except in compliance with the License.
     You may obtain a copy of the License at

          http://www.apache.org/licenses/LICENSE-2.0

     Unless required by applicable law or agreed to in writing, software
     distributed under the License is distributed on an "AS IS" BASIS,
     WITHOUT WARRANTIES OR CONDITIONS OF ANY KIND, either express or implied.
     See the License for the specific language governing permissions and
     limitations under the License.
-->

<audioPolicyConfiguration version="1.0" xmlns:xi="http://www.w3.org/2001/XInclude">
    <globalConfiguration speaker_drc_enabled="true"/>

    <modules>
        <module name="primary" halVersion="2.0">
            <attachedDevices>
                <item>Speaker</item>
                <item>Built-In Mic</item>
            </attachedDevices>
            <defaultOutputDevice>Speaker</defaultOutputDevice>
            <mixPorts>
                <mixPort name="primary output" role="source" flags="AUDIO_OUTPUT_FLAG_PRIMARY">
                    <profile name="" format="AUDIO_FORMAT_PCM_16_BIT"
                             samplingRates="48000" channelMasks="AUDIO_CHANNEL_OUT_STEREO"/>
                </mixPort>
                <mixPort name="esai output" role="source" flags="AUDIO_OUTPUT_FLAG_DIRECT|AUDIO_OUTPUT_FLAG_HW_AV_SYNC">
                    <profile name="" format="AUDIO_FORMAT_PCM_16_BIT"
                             samplingRates="48000,96000,192000,384000,768000"
                             channelMasks="AUDIO_CHANNEL_OUT_STEREO,AUDIO_CHANNEL_OUT_QUAD,AUDIO_CHANNEL_OUT_5POINT1,AUDIO_CHANNEL_OUT_7POINT1"/>
                    <profile name="" format="AUDIO_FORMAT_PCM_FLOAT"
                             samplingRates="48000,96000,192000,384000,768000"
                             channelMasks="AUDIO_CHANNEL_OUT_STEREO,AUDIO_CHANNEL_OUT_QUAD,AUDIO_CHANNEL_OUT_5POINT1,AUDIO_CHANNEL_OUT_7POINT1"/>
                </mixPort>
                <mixPort name="dsd output" role="source" flags="AUDIO_OUTPUT_FLAG_DIRECT|AUDIO_OUTPUT_FLAG_COMPRESS_OFFLOAD">
                    <profile name="" format="AUDIO_FORMAT_DSD"
                             samplingRates="2822400,5644800,11289600,22579200" channelMasks="AUDIO_CHANNEL_OUT_STEREO"/>
                </mixPort>
                <mixPort name="bt sco output" role="source">
                    <profile name="" format="AUDIO_FORMAT_PCM_16_BIT"
                             samplingRates="8000" channelMasks="AUDIO_CHANNEL_OUT_STEREO"/>
                </mixPort>

                <mixPort name="primary input" role="sink">
                    <profile name="" format="AUDIO_FORMAT_PCM_16_BIT"
                             samplingRates="8000,11025,16000,22050,24000,32000,44100,48000"
                             channelMasks="AUDIO_CHANNEL_IN_MONO,AUDIO_CHANNEL_IN_STEREO"/>
                </mixPort>
            </mixPorts>
            <devicePorts>
                <devicePort tagName="Speaker" type="AUDIO_DEVICE_OUT_SPEAKER" role="sink" >
                </devicePort>
                <devicePort tagName="Wired Headphones" type="AUDIO_DEVICE_OUT_WIRED_HEADPHONE" role="sink">
                </devicePort>
                <devicePort tagName="Line-Out" type="AUDIO_DEVICE_OUT_LINE" role="sink">
                </devicePort>
                <devicePort tagName="BT SCO Headset" type="AUDIO_DEVICE_OUT_BLUETOOTH_SCO_HEADSET" role="sink">
                </devicePort>
                <devicePort tagName="BT SCO CarKit" type="AUDIO_DEVICE_OUT_BLUETOOTH_SCO_CARKIT" role="sink">
                </devicePort>
                <devicePort tagName="BT SCO" type="AUDIO_DEVICE_OUT_BLUETOOTH_SCO" role="sink">
                </devicePort>

                <devicePort tagName="Built-In Mic" type="AUDIO_DEVICE_IN_BUILTIN_MIC" role="source">
                </devicePort>
                <devicePort tagName="Spdif-In" type="AUDIO_DEVICE_IN_AUX_DIGITAL" role="source">
                </devicePort>
                <devicePort tagName="BT SCO Headset Mic" type="AUDIO_DEVICE_IN_BLUETOOTH_SCO_HEADSET" role="source">
                </devicePort>
            </devicePorts>
            <routes>
                <route type="mix" sink="Speaker"
                       sources="primary output"/>
                <route type="mix" sink="Wired Headphones"
                       sources="dsd output,esai output,primary output"/>
                <route type="mix" sink="Line-Out"
                       sources="dsd output,esai output,primary output"/>
                 <route type="mix" sink="BT SCO Headset"
                        sources="bt sco output"/>
                <route type="mix" sink="BT SCO CarKit"
                       sources="bt sco output"/>
                <route type="mix" sink="BT SCO"
                       sources="bt sco output"/>

                <route type="mix" sink="primary input"
                       sources="Built-In Mic,Spdif-In,BT SCO Headset Mic"/>
            </routes>
        </module>

        <!-- A2dp Audio HAL -->
        <xi:include href="a2dp_audio_policy_configuration.xml"/>

        <!-- Usb Audio HAL -->
        <xi:include href="usb_audio_policy_configuration.xml"/>

        <!-- Remote Submix Audio HAL -->
        <xi:include href="r_submix_audio_policy_configuration.xml"/>

    </modules>

    <!-- Volume section -->
    <xi:include href="audio_policy_volumes.xml"/>
    <xi:include href="default_volume_tables.xml"/>

</audioPolicyConfiguration>
